,google_match,occupation
0,,A Tech License Pharmaceutical
1,"Jerusalem, Israel",Aish HaTorah Jerusalem
2,"Vienna, Virginia",Amerika Institut: Vienna
3,"Santa Barbara, California",Antioch University Santa Barbara
4,"Santa Barbara, California",Aquincum Institute of Technology
5,"Scottsdale, Arizona",Arizona School of Real Estate and Business
6,"Phoenix, Arizona",Arizona State University Walter Cronkite School of Journalism and Mass Communication
7,"Seattle, Washington",Art Institute of Seattle
8,"Ludhiana, India",Associated Colleges in China
9,,Atanur Oguz
10,"Nantes, France",Audencia Nantes Ecole de Management
11,"Buffalo, New York",BOCES Technical Vocational School
12,"Buffalo, New York",Baker College Business and Corporate Services
13,"Ramat Gan, Israel",Bar Ilan University
14,"New York, New York",Baruch College
15,"Beijing, China",Beijing Institute of Education
16,,Beijing University of Chemical Technology
17,"Beijing, China",Beijing University of Post and Telecommunications
18,"Woodland Park, New Jersey",Berkeley College Woodland Park
19,"Birkbeck, Illinois",Birkbeck
20,"Boston, Massachusetts",Boston College Law School
21,"Boston, Massachusetts",Boston University College of Communication
22,"Boston, Virginia",Boston University Instituto Internacional
23,"Bozeman, Montana",Bozeman Senior High
24,"Bradley, Illinois",Bradley Bourbonnais Community High School
25,"Bradley, Illinois",Brandeis University International Business School
26,"Bradley, Illinois",British American Drama Academy
27,"Phoenix, Arizona",Brophy College Prep
28,"Burlingame, California",Burlingame Highschool
29,"Burlingame, California",CEA Global Eduction
30,"Sacramento, California",CSU Sacramento
31,"Carson, California",CSUDH
32,"Hayward, California",Cal State Hayward
33,"Sacramento, California",California State University
34,"Long Beach, California",California State University Long Beach College of Business Administration
35,,California State University San Marcos College of Business Administration
36,"Ganzhou Shi, China",Canadian Marketing Association
37,"Springfield, Pennsylvania",Cardinal O'Hara Highschool
38,"Pittsburgh, Pennsylvania",Carnegie Mellon University
39,"Carrabassett Valley, Maine",Carrabassett Valley Academy
40,"Carrabassett Valley, Maine",Center for Digital Imaging and Sound
41,"Carrabassett Valley, Maine",Center for Global Education: Sustainable Development and Social Change
42,"Boston, Massachusetts",Center for Imaging Arts at Boston University
43,"Prague, Czech Republic",Charles University in Prague
44,"Prague, Czech Republic",Cheng Cheng Da Xue Seijo University
45,"Beijing, China",China Europe International Business School
46,"Chongqing, China",Chongqing No middle school
47,"Chongqing, China",Chongqing University of Post and Telecommunications
48,"New York, New York",Christie's Education
49,,City University of New York College of Staten Island
50,"New York, New York",City University of New York Hunter College
51,"New York, New York",Cloudera University
52,"Ernakulam, India",Cochin University of Science and Technology
53,"Bellevue, Washington",Coding Dojo
54,"Mesa, Arizona",College of Technology and Innovation
55,"Columbia, South Carolina",Columbia University Columbia Business School
56,"Columbia, South Carolina",Columbia University Fu Foundation School of Engineering and Applied Science
57,"Paris, France",Columbia University in Paris at Reid Hall
58,"Fairfax, Virginia",Computer Learning Centers
59,"Fairfax, Virginia",Copenhagen University College of Engineering
60,"Rikaze, Nepal",D C Everest
61,"Forlì, Italy",DeNobili
62,"Dhaka, Bangladesh",Dhaka Bishwabidyalaya
63,"Dhaka, Bangladesh",Dharmsinh Desai Institute of Technology
64,"Dhaka, Bangladesh",Drexel University College of Business and Administration
65,"Dhaka, Bangladesh",EPITECH European Institute of Technology
66,"Fairfield, New Jersey",ESSEC ESSEC Business School
67,"Paris, France",Ecole Nationale Superieure des Beaux Arts
68,"Atlanta, Georgia",Emory University
69,"Atlanta, Georgia",Essec Business School Paris ESSEC
70,"São Paulo, Brazil",Faculdade Casper Libero
71,"São Paulo, Brazil",Fletcher School of Law & Diplomacy
72,"Saint Petersburg, Florida",Florida State University College of Business
73,"Framingham, Massachusetts",Framingham State College
74,"New York, New York",Franklin College Switzerland
75,"Pantnagar, India",G B Pant University of Agriculture and Technology
76,"Pantnagar, India",George Brown College Continuing Education
77,"Rijeka, Croatia",Gimnazija Andrije Mohorovicica
78,"Boston, Massachusetts",Goethe Institut Boston
79,"Boston, Massachusetts",Grupo Educacional Dom Bosco
80,"Guangzhou Shi, China",Guangdong University of Foreign Studies
81,"Guangzhou Shi, China",HSMAi
82,"Cambridge, Massachusetts",Harvard Graduate School of Education
83,"Patan, India",Hemchandracharya North Gujarat University
84,"Wuhan Shi, China",Huazhong University of Science and Technology
85,"Tempe, Arizona",Hugh Downs School of Communication & Barrett Honors College Arizona State University
86,"Berlin, Germany",Humboldt Universitat zu Berlin
87,"Arcadia, California",Huntington School of Fine Art
88,"Martina Franca, Italy",I T I S E Majorana Martina Franca
89,"Paris, France",ICOGES
90,"Paris, France",Improv at the Hideout
91,"Kanpur, India",Indian Institute of Technology
92,"Indianapolis, Indiana",Indiana University Robert H McKinney School of Law
93,"Indianapolis, Indiana",Institut Eurecom
94,"Strasbourg, France",Institut International d'Etudes Francaises de l'Universite de Strasbourg
95,"Lyon, France",Institut d'Etudes politiques de Lyon
96,"Lyon, France",Institute for Organization Management
97,"Roma, Italy",Institute for the International Education of Students
98,"Paris, Texas",Institute for the International Education of Students: Paris
99,"Madrid, Spain",Instituto Internacional de Madrid
100,"Madrid, Spain",Inter University Center for Japanese Language Studies
101,"Madrid, Spain",Interface Interface Training Labs
102,"Madrid, Spain",Israel Defense Forces Leadership Training
103,"Madrid, Spain",Istituto Tecnico Per Il Turismo G Leopardi
104,"Madrid, Spain","Istituto Tecnico per il turismo ""G Mazzotti"""
105,"Ithaca, New York",Ithaca College
106,"South Bend, Indiana",JW Riley High School South Bend
107,"Wuxi Shi, China",Jiangnan University
108,"Seattle, Washington",Lakeside High School Seattle
109,"Scottsdale, Arizona",Le Cordon Bleu College of Culinary Arts Scottsdale
110,"Sankt-Peterburg, Russia",LeningradSt Petersburg University
111,"London, United Kingdom",London School of Economics and Political Science
112,"Brookville, NY",Long Island University
113,"Longyan Shi, China",Longyan Yizhong
114,"Forte dei Marmi, Italy",Lorenzo de' Medici
115,"Firenze, Italy",Lorenzo de' Medici Institute
116,"Columbia, Maryland",Loyola College in Maryland
117,"Columbia, Maryland",Machon Maayan Women's Seminary
118,"Macquarie Park, Australia",Macquarie Graduate School of Management
119,"Macquarie Park, Australia",Marketing Experiments Research
120,"Boston, Massachusetts",Massachusetts Academy of Math and Science
121,"River Falls, Wisconsin",May UNIVERSITY OF WISCONSIN
122,"Moscow, Russia",Moscow International Higher Business School MIRBIS
123,"Moscow, Russia",Moscow State Institute of Electronics and Mathematics
124,"Moscow, Russia",Musical Institute Carlos Gomes
125,"Gudalur, India",NSN Mat Hr Sec School
126,"Madrid, Spain",Nebrija University
127,"Salt Lake City, Utah",Neumont University
128,"Salt Lake City, Utah",New England High School Journalism Collaborative
129,"Brookline, Massachusetts",New England Institute Of Art
130,"Boston, Massachusetts",New England Law | Boston
131,"New York, New York",New York Institute of Photography
132,"New York, New York",New York University School of Law
133,"Craigieburn, Australia",North Melbourne Institute of TAFE
134,"Flagstaff, Arizona",Northern Arizona University
135,"Paris, France",Novancia Business School Paris
136,"Paris, France",Personnel Decisions International
137,"Rolla, Missouri",Physics & Math Boarding School St Petersburg
138,"Rolla, Missouri",Pine View School for the Gifted
139,"Potsdam, New York",Potsdam Highschool
140,"Pune, India",Pune Institute of Computer Technology
141,"Harrison, New York",Purchase College
142,"Qingdao Shi, China",Qingdao University of Science and Technology
143,"Newark, Delaware",Queen Mary
144,"Rizhao Shi, China",Qufu Normal University
145,"Rizhao Shi, China",Quinnipiac University School of Business
146,"Rizhao Shi, China",Radcliffe Publishing Course
147,"Rizhao Shi, China",Radiant Yoga School
148,"Rhinebeck, New York",Rhinebeck
149,"Richmond, Missouri",Richmond
150,"Richmond, Virginia",Richmond University
151,"Richmond, Rhode Island",Richmond University American Institute of Foreign Studies
152,"Richmond, Rhode Island",Rizzieri Aveda School for Beauty and Wellness
153,"Egham, United Kingdom",Royal Holloway
154,"Newark, New Jersey",Rutgers University
155,"New Brunswick, New Jersey",Rutgers University New Brunswick
156,"New Brunswick, New Jersey",SCC Business Institute
157,"East Providence, Rhode Island",Saint Mary Academy Bay View
158,"San Antonio, Texas",Santa Reparata International School of Art
159,"Santiago, Chile",Santiago Canyon Community College
160,"Scottsdale, Arizona",Scottsdale Christian Academy High School
161,"Scottsdale, Arizona","Scuola Superiore per Interpreti e Traduttori ""Colle di Giano"""
162,"Trento, Italy",Scuola di Disegno Industriale Verona Trento
163,"Pittsburgh, Pennsylvania",Semester At Sea
164,"Pittsburgh, Pennsylvania",Semester at Sea
165,"Zhengzhou Shi, China",Seminars and Continuing Education
166,"Shanghai, China",Shanghai Lixin University of Commerce
167,"Chennai, India",Shanti Shanti Yoga School
168,"Chennai, India",Simmons College Simmons School of Management
169,"Guangzhou Shi, China",Society of Human Resources Management
170,"Rampura Phul, India",St Xavier's Highschool
171,"München, Germany",Stadtische Berufsschule fur das Hotel
172,"Harrison, New York",State University of New York College at Plattsburgh
173,"Harrison, New York",State University of New York College at Purchase
174,"Owings Mills, Maryland",Strayer University Maryland
175,"Boston, Massachusetts",Suffolk University Law School
176,"Boston, Massachusetts",Sun Microsystems Sun Education Center
177,"Paris, France",Sweet Briar College Junior Year in France
178,"Firenze, Italy",Syracuse University Florence
179,"Columbia, South Carolina",Teachers College of Columbia University
180,"Stockholm, Sweden",The Ballet Academy of Stockholm Balettakademien Stockholm
181,"Washington, District of Columbia",The George Washington University Law School
182,"Washington, District of Columbia",The Institute at Palazzo Ruccelai
183,"Rome, Italy",The Italian International Institute: LdM Roma
184,"Boston, Virginia",The Lean Startup Machine Boston
185,"Brookline, Massachusetts",The New England Institute of Art
186,"New York, New York",The New School for Public Engagement
187,"Wilmington, Delaware",The Tatnall School Wilmington
188,"Tucson, Arizona",The University of Arizona
189,,The University of Connecticut
190,,TripAdvisor Manager Development Program
191,,Tufts Skidmore Spain
192,,Tufts University and the School of Museum of Fine Arts
193,,UCDS
194,"North Dartmouth, Massachusetts",UMass Dartmouth
195,"U.S. Air Force Academy, Colorado",USAF Air University
196,,United Studios of Self Defense Academy of Professional InstructorsUniversity of Nevada
197,"Donostia-San Sebastián, Guipúzcoa, Spain",Universidad de Duesto
198,"Taubaté, Brazil",Universidade de Taubate
199,"Torino, Italy",Universita degli Studi di Torino University of Turin
200,"Bologna, Italy",Universita di Bologna University of Bologna
201,"Paris, France",Universite Paris Sorbonne
202,"London, United Kingdom",University College London
203,"Sun City, Arizona",University of Arizona
204,"Buenos Aires, Argentina",University of Buenos Aires
205,"Los Angeles, California",University of California
206,"Orlando, Florida",University of Central Florida College of Business Administration
207,"Orlando, Florida",University of Florida Warrington College of Business Administration
208,"Houston, Texas",University of Houston Law Center
209,"Miami, Florida",University of Miami School of Business
210,"Ann Arbor, Michigan",University of Michigan College of Literature
211,"Columbia, Missouri",University of Missouri Columbia
212,"Tagum City, Philippines",University of Saint Thomas School of Business
213,"San Francisco, California",University of San Francisco School of Law
214,"San Francisco, California",University of Southern California School of Cinema Television
215,"Knoxville, Tennessee",University of Tennessee Knoxville College of Business Administration
216,"Toronto, Canada",University of Toronto Woodsworth College
217,"Charlottesville, Virginia",University of Virginia
218,"Washington, District of Columbia",University of Wisconsin Law School
219,"Washington, District of Columbia",University of Wisconsin Madison School of Business
220,"Endicott, New York",Van Loan School of Graduate and Professional Studies at Endicott College
221,"Endicott, New York",Vanderbilt University Law School
222,"Endicott, New York",Wayne Calloway Schools of Business and Accountancy
223,"Endicott, New York",Whatcom Community College Associates
224,"Endicott, New York",William Esper Studio
225,"Endicott, New York",Wine Sales and Knowledge Course
226,"Falmouth, Massachusetts",Woods Hole Computational Neuroscience Course
227,"Phoenix, Arizona",Xavier College Prep
228,"Phoenix, Arizona",YCombinator
229,"Phoenix, Arizona",Year College Degree
230,"San Francisco, California",Yearup
231,"San Francisco, California",go away linkedin
232,"South Hadley, Massachusetts",141 Newton Ma
233,"South Hadley, Massachusetts",14th street between 5th&amp;amp;amp;6th ave
234,"Carrboro, North Carolina",161 West 54th
235,"New York, New York",200 Park Avenue South
236,"Newton, Massachusetts",399 Grove st newton ma
237,"New York, New York",5th Avenue NYC
238,"Phoenix, Arizona",Ahwatukee
239,"Jacobo Hunter, Peru",Americas
240,,Arizona
241,"Atlanta, Nebraska",Atlanta
242,"Austin, Texas",Austin
243,"Boston, New York",BMW Boston
244,"Buc, France",BUC
245,"San Diego, California",Balboa Park
246,"Baltimore, Ohio",Baltimore
247,"Baltimore, Maryland",Baltimore & DC Metro Area
248,"Bedford, Ohio",Bedford
249,"Bedford, Massachusetts",Bedford MA
250,"Beijing, China",BeiJing
251,"Beijing, China",Beijing
252,"Bellevue, Washington",Bellevue
253,"Bellevue, Washington",Bellevue WA
254,"Berkeley, California",Berkeley
255,"Bethesda, Ohio",Bethesda
256,"Beverly Hills, Texas",Beverly Hills
257,"Binghamton, New York",Binghamton University
258,"Boston, Kentucky",Boston
259,"Boston, Massachusetts",Boston + Miami
260,"Newton, Massachusetts",Boston College
261,"Boston, Massachusetts",Boston MA
262,"Boston, Massachusetts",Boston University
263,"Boston, Massachusetts",Boston Waterfront
264,"Boston, Massachusetts",Boston ma
265,,Brazil
266,"Brentwood, California",Brentwood
267,"Bridgewater, New Jersey",Bridgewater New Jersey
268,"New York, New York",Brooklyn NY
269,"Burlington, Massachusetts",Burlington MA
270,"Burlington, Massachusetts",Burlington Massachusetts
271,,CT
272,"Cabin John, Maryland",Cabin John MD
273,,California
274,"Cambridge, New York",Cambridge
275,"Cambridge, Massachusetts",Cambridge MA
276,"Beijing, China",Cambridge MA and Beijing China
277,"Newton, Massachusetts",Chestnut Hill
278,"Chicago, Illinois",Chicago
279,"Chicago, Illinois",Chicago & Boston
280,"Chicago, Illinois",Chicago Board Options Exchange
281,,China
282,"Cincinnati, Ohio",Cincinnati
283,"Cincinnati, Ohio",Cincinnati Area
284,"Cincinnati, Ohio",Cincinnati Ohio
285,,Comunidad de Madrid
286,"Concord, North Carolina",Concord
287,"Concord, North Carolina",Conde Nast Digital (formerly CondeNet)
288,"Los Angeles, California",Conoga Park
289,"Los Angeles, California",Cornell University - Center for Applied Mathematics
290,"Newport Beach, California",Corona Del Mar
291,"Corte Madera, California",Corte Madera
292,"Culver City, California",Culver City
293,"Cupertino, California",Cupertino
294,"Dalian, China",Dalian
295,"Dallas, Oregon",Dallas
296,"Irving, Texas",Dallas/Fort Worth Area
297,"Davis, California",Davis
298,"Dedham, Maine",Dedham
299,"Doral, Florida",Doral
300,"Doral, Florida",Doral FL
301,"Chicago, Illinois",Downtown Chicago
302,"Dublin, Georgia",Dublin
303,"Dublin, Ireland",Dublin Ireland
304,"Dublin, Ireland",EF Smithsonian Student Travel
305,"East Hartford, Connecticut",East Hartford
306,"Southampton Township, New Jersey",East Region USA
307,"Southampton Township, New Jersey",Eastern Massachusetts and Telecommute
308,"Southampton Township, New Jersey",Essex County District Attorney's Office
309,"Barcelona, Spain",European Hub in Barcelona
310,"Fairborn, Ohio",Fairborn Ohio
311,"Flagstaff, Arizona",Flagstaff
312,"Fort Lauderdale, Florida",Fort Lauderdale
313,"Foxborough, Massachusetts",Foxboro MA
314,"Framingham, Massachusetts",Framingham MA
315,"Tysons, Virginia",Freddie Mac
316,"Cájar, Spain",Granada/Madrid
317,,Greater Atlanta Area
318,,Greater Boston Area and Greater San Diego Area
319,"McHenry, Illinois",Greater Chicago Area
320,"McHenry, Illinois",Greater Denver Area
321,"McHenry, Illinois",Greater Detroit Area
322,"Milwaukee, Wisconsin",Greater Milwaukee Area
323,"Milwaukee, Wisconsin",Greater Minneapolis-St. Paul Area
324,"Nashville, Tennessee",Greater Nashville Area
325,"Nashville, Tennessee",Greater New Orleans Area
326,"Nashville, Tennessee",Greater New York City Area
327,"Nashville, Tennessee",Greater New York Metro Area
328,"Nashville, Tennessee",Greater Omaha Area
329,"Nashville, Tennessee",Greater Salt Lake City Area
330,"Nashville, Tennessee",Greater Seattle Area
331,"High Ridge, Missouri",Greater St. Louis Area
332,"Hyde Park, Vermont",Green River Reservoir State Park
333,"Hamburg, Germany",Hamburg
334,"Hartford, Connecticut",Hartford CT
335,"Claremont, California",Harvey Mudd College
336,,Hong Kong
337,,Hong Kong / New York
338,"Honolulu, Hawaii",Honolulu
339,"Ilhéus, Brazil",Ilheus-Bahia-Brazil
340,,India
341,"Indiana, Pennsylvania",Indiana
342,"Irvine, Kentucky",Irvine
343,"Isselburg, Germany",Isselburg - Anholt
344,"Isselburg, Germany",Isselburg -Anholt
345,"Isselburg, Germany",Isselburg- Anholt
346,"Isselburg, Germany",Isselburg-Anholt
347,"Itabuna, Brazil",Itabuna-Bahia
348,"Erie, Pennsylvania",Italy and Japan
349,"New York, New York",Jamaica
350,,Japan
351,"Walnut Creek, California",Joint Genome Institute
352,"Walnut Creek, California",Joint Initiative of the Clinton Foundation and American Heart Association
353,"San Diego, California",Kate Sessions Elementary School
354,"Kenilworth, New Jersey",Kenilworth
355,"Nairobi, Kenya",Kenya - Nairobi
356,"King of Prussia, Pennsylvania",King of Prussia
357,"Kirkland, Washington",Kirkland
358,,LA East
359,"New York, New York",LPR - NYC
360,"New York, New York",Lockheed Martin Enterprise Operations
361,"London, Ohio",London
362,"Farmville, Virginia",Longwood University
363,"Los Angeles, California",Los Angeles
364,"Buena Park, California",Los Angeles and Orange County
365,"Chino, California",Los Angeles/China
366,"Mito, Japan",MIT
367,,Macao
368,"Málaga, Spain",Malaga
369,"Manhattan, Kansas",Manhattan
370,"New York, New York",Manhattan NY
371,"New York, New York",Manhattan-East Village
372,"Marlborough, Massachusetts",Marlboro MA
373,"Mascot, Tennessee",Mascot
374,,Massachusetts
375,"Menlo Park, California",Menlo Park
376,"Concord, New Hampshire",Merrimack Valley
377,"Miami, Oklahoma",Miami
378,"Miami, Oklahoma",Miami/Fort Lauderdale Area
379,"New York, New York",Midtown
380,"Milwaukee, Wisconsin",Milwaukee
381,"Milwaukee, Wisconsin",Milwaukee WI
382,"Milwaukee, Wisconsin",Milwaukee Wi
383,"Guiguinto, Philippines",NY / SF
384,"New York, New York",NYC
385,"Nahant, Massachusetts",Nahant MA
386,,Napa Valley
387,"Nashua, Iowa",Nashua
388,"Los Angeles, California",National
389,"Needham, Massachusetts",Needham
390,"Needham, Massachusetts",Needham MA
391,"Needham, Massachusetts",Needham Ma
392,,Nepal
393,"Neuilly-sur-Seine, France",Neuilly Sur Seine
394,,New Jersey
395,"Willow Grove, Pennsylvania",New Montgomery
396,"New Orleans, Louisiana",New Orleans
397,"New York, New York",New York
398,"New York, New York",New York City
399,"London, United Kingdom",New York City and London
400,"New York, Missouri",New York New York
401,"Atlanta, New York",New York/Atlanta
402,"Newton, Massachusetts",Newton
403,"Newton, Massachusetts",Newton MA
404,"Rosario, Argentina",Newton Office
405,"Newton, Massachusetts",Newton. MA
406,,Nicaragua
407,"Scottsdale, Arizona",North Scottsdale
408,"Washington, District of Columbia",Northeast US
409,,Northern Virginia
410,"Old Saybrook, Connecticut",Old Saybrook CT
411,"Scottsdale, Arizona",Old Town Scottsdale
412,"Garland, Texas",Online
413,"Opuwo, Namibia",Opuwo Namibia
414,,Orange County
415,"Palm Beach, Florida",Palm Beach Florida
416,"Palm Beach Gardens, Florida",Palm Beach Gardens
417,"Palo Alto, Pennsylvania",Palo Alto
418,"Palo Alto, California",Palo Alto California
419,"Phoenix, Arizona",Paradise Valley/ Scottsdale/ Phoenix
420,"Paris, Texas",Paris
421,"Paris, Texas",Paris & Madrid
422,"Peabody, Massachusetts",Peabody
423,"Peabody, Massachusetts",Peabody MA
424,"Pennington, New Jersey",Pennington New jersey
425,"Philadelphia, Pennsylvania",Philadelphia
426,"Phoenix, Maryland",Phoenix
427,"Phoenix, Maryland",Phoenix & The Bay
428,"Phoenix, Arizona",Phoenix AZ
429,"Phoenix, Arizona",Phoenix at Desert Ridge
430,,Portugal
431,"Princeton, New Jersey",Princeton University
432,,Puerto Rico
433,"San Diego, California",Rancho Bernardo
434,"Redmond, Washington",Redmond
435,"Redmond, Washington",Redmond WA
436,"Rockville, Utah",Rockville
437,"San Francisco, California",SF Bay Area
438,"San Diego, California",San Diego
439,,San Fernando Valley
440,"San Francisco, California",San Fracisco
441,"San Francisco, California",San Francico
442,"San Francisco, California",San Francisc
443,"San Francisco, California",San Francisco
444,"San Francisco, California",San Francisco & North Bay Area
445,"Saint Louis, Oklahoma",San Francisco Bay Area and St. Louis
446,"San Francisco, California",San Francisco Ca
447,"San Francisco, California",San Francisco California
448,"San Francisco, California",San Francisco.
449,"San Francisco, California",San Francsico
450,"San Francisco, California",San Fransisco
451,"San Jose, New Mexico",San Jose
452,"San Rafael, Colombia",San Rafael
453,"San Ramon, California",San Ramon
454,"Santa Barbara, California",Santa Barbara
455,,Santa Barbara County
456,"Santa Clarita, California",Santa Clarita
457,"Santa Monica, California",Santa Monica
458,"São Paulo, Brazil",Sao Paulo
459,"Sausalito, California",Sausalito
460,"Scottsdale, Arizona",Scottsdale
461,"Scottsdale, Arizona",Scottsdale AZ
462,"Scottsdale, Arizona",Scottsdale Arizona
463,"Scottsdale, Arizona",Scottsdale Az
464,"Scottsdale, Arizona",Scottsdale at Troon North
465,"Seattle, Washington",Seattle
466,"Seattle, Washington",Seattle Washington
467,"Shanghai, China",Shanghai
468,"Shanghai, China",Shanghai China
469,"Shrewsbury, Massachusetts",Shrewsbury Massachusetts
470,,Singapore
471,,South Africa
472,"South Boston, Virginia",South Boston
473,"Johannesburg, South Africa",Southern Africa / UK
474,,Southern California
475,"Medford, Oregon",Southern Oregon
476,,Spain
477,"Spokane, Washington",Spokane WA
478,"Saint Louis, Oklahoma",St. Louis
479,"Stanford, California",Stanford Cognitive and Systems Neuroscience Lab
480,"San Francisco, California",Stonestown
481,"Mansfield, Connecticut",Storrs Connecticut
482,"Sunnyvale, California",Sunnyvale
483,"São Paulo, Brazil",São Paulo
484,"Irvine, California",T. J. Watson Research Center
485,"Taunton, Massachusetts",Taunton MA
486,"Tempe, Arizona",Tempe
487,,Thailand
488,"Columbus, Ohio",The Ohio State University
489,"South Padre Island, Texas",The University of Texas
490,"Denver, Indiana",The Westin Denver Downtown
491,"Bikaner, India",Throughout Asia
492,,Tokyo
493,"Tolland, Connecticut",Tolland CT
494,"Tolland, Connecticut",TripAdvisor
495,"Truckee, California",Truckee
496,"Berkeley, California",UC Berkeley
497,"Davis, California",UC Davis
498,"Santa Barbara, California",UC Santa Barbara
499,"Los Angeles, California",UCLA
500,"La Jolla, California",UCSD
501,"Lowell, Massachusetts",UMass Lowell
502,"Tehran, Iran",USC
503,"Boston, Massachusetts",Umass Boston
504,"Union City, Tennessee",Union City
505,,United Kingdom
506,,United States and Asia
507,"Jacksonville, Florida",University of Florida
508,"Lawrence, Kansas",University of Kansas
509,"Baltimore, Maryland",University of Maryland
510,"Ann Arbor, Michigan",University of Michigan
511,"Tacoma, Washington",University of Puget Sound
512,"San Diego, California",University of San Diego
513,"San Francisco, California",University of San Francisco
514,"Walnut Creek, California",Walnut Creek
515,"Waltham, Maine",Waltham
516,"Waltham, Massachusetts",Waltham MA
517,"Eagle Pass, Texas",Ward Branch
518,"Washington, District of Columbia",Washington D.C.
519,"Washington, District of Columbia",Washington DC
520,"Waterloo, New York",Waterloo
521,"Watertown, South Dakota",Watertown
522,"Paicines, California",Western United States
523,"Williamsburg, Virginia",Williamsburg
524,"Winchester, Tennessee",Winchester
525,"Winchester, Tennessee",Workbridge Associates
526,"Fort Worth, Texas",World Wide
527,"Fenton, Missouri",Worldwide
528,"Babbitt, Minnesota",Yelp
529,"Babbitt, Minnesota",Yelp.com
530,"Babbitt, Minnesota",Yoga Journal & Vegetarian Times
531,,Zambia & Sri Lanka
532,"Savar, Bangladesh",Zipper Theatre
533,"Alameda, California",alameda ca
534,,greater atlanta area
535,"Boston, Massachusetts",greater boston area
536,"Boston, Massachusetts",greater los angeles area
537,"Boston, Massachusetts",greater new york city area
538,"Boston, Massachusetts",http://mdtseed.com/team.php
539,"Boston, Massachusetts",http://planetghar.com
540,"Boston, Massachusetts",http://youtube.com/iamkareno
541,"Marlborough, Massachusetts",marlborough ma
542,"New York, New York",new york
543,"New York, New York",new york city
544,"Newton, Massachusetts",newton ma
545,"New York, New York",nyc
546,"San Francisco, California",sab Francusci
547,"San Francisco, California",san francisco
548,"San Francisco, California",san francisco bay area
549,"San Francisco, California",san francisco ca
550,"Scottsdale, Arizona",scottsdale
551,"Scottsdale, Arizona",scottsdale arizona
552,"Scottsdale, Arizona",telecommute
553,"Legazpi City, Philippines",washington d.c. metro area
554,"Washington, District of Columbia",washington dc
555,"Williamsburg, Virginia",williamsburg virginia
556,"Williamsburg, Virginia",www.myhelixhouse.com
557,"Williamsburg, Virginia",www.petsinneedanimalrescue.org
558,"Williamsburg, Virginia",www.promiseconsultinggroup.com
559,"Williamsburg, Virginia",www.yelp.com
560,"Beijing, China",中国 北京市区
561,"Beijing, China",北京海淀区
